"filename", "language", "JavaScript", "XML", "CSS", "JSON", "Markdown", "pip requirements", "HTML", "Python", "comment", "blank", "total"
"/Users/landy/Desktop/selfProject/mianatra/README.md", "Markdown", 0, 0, 0, 0, 1, 0, 0, 0, 0, 0, 1
"/Users/landy/Desktop/selfProject/mianatra/app.json", "JSON", 0, 0, 0, 14, 0, 0, 0, 0, 0, 1, 15
"/Users/landy/Desktop/selfProject/mianatra/backend/app.py", "Python", 0, 0, 0, 0, 0, 0, 0, 19, 5, 6, 30
"/Users/landy/Desktop/selfProject/mianatra/frontend/README.md", "Markdown", 0, 0, 0, 0, 38, 0, 0, 0, 0, 33, 71
"/Users/landy/Desktop/selfProject/mianatra/frontend/TopicPage/QuizPage.js", "JavaScript", 38, 0, 0, 0, 0, 0, 0, 0, 0, 5, 43
"/Users/landy/Desktop/selfProject/mianatra/frontend/TopicPage/TopicContent.js", "JavaScript", 19, 0, 0, 0, 0, 0, 0, 0, 3, 6, 28
"/Users/landy/Desktop/selfProject/mianatra/frontend/TopicPage/TopicPage.js", "JavaScript", 17, 0, 0, 0, 0, 0, 0, 0, 0, 4, 21
"/Users/landy/Desktop/selfProject/mianatra/frontend/package-lock.json", "JSON", 0, 0, 0, 31862, 0, 0, 0, 0, 0, 1, 31863
"/Users/landy/Desktop/selfProject/mianatra/package-lock.json", "JSON", 0, 0, 0, 31501, 0, 0, 0, 0, 0, 1, 31502
"/Users/landy/Desktop/selfProject/mianatra/package.json", "JSON", 0, 0, 0, 45, 0, 0, 0, 0, 0, 1, 46
"/Users/landy/Desktop/selfProject/mianatra/public/index.html", "HTML", 0, 0, 0, 0, 0, 0, 20, 0, 23, 1, 44
"/Users/landy/Desktop/selfProject/mianatra/public/manifest.json", "JSON", 0, 0, 0, 25, 0, 0, 0, 0, 0, 1, 26
"/Users/landy/Desktop/selfProject/mianatra/requirements.txt", "pip requirements", 0, 0, 0, 0, 0, 3, 0, 0, 0, 2, 5
"/Users/landy/Desktop/selfProject/mianatra/src/App.css", "CSS", 0, 0, 55, 0, 0, 0, 0, 0, 4, 11, 70
"/Users/landy/Desktop/selfProject/mianatra/src/App.js", "JavaScript", 22, 0, 0, 0, 0, 0, 0, 0, 0, 5, 27
"/Users/landy/Desktop/selfProject/mianatra/src/App.test.js", "JavaScript", 7, 0, 0, 0, 0, 0, 0, 0, 0, 2, 9
"/Users/landy/Desktop/selfProject/mianatra/src/algorithms/bfs.js", "JavaScript", 25, 0, 0, 0, 0, 0, 0, 0, 2, 7, 34
"/Users/landy/Desktop/selfProject/mianatra/src/algorithms/dfs.js", "JavaScript", 32, 0, 0, 0, 0, 0, 0, 0, 3, 10, 45
"/Users/landy/Desktop/selfProject/mianatra/src/algorithms/linkedList.js", "JavaScript", 71, 0, 0, 0, 0, 0, 0, 0, 3, 16, 90
"/Users/landy/Desktop/selfProject/mianatra/src/algorithms/primsAlgorithm.js", "JavaScript", 23, 0, 0, 0, 0, 0, 0, 0, 0, 3, 26
"/Users/landy/Desktop/selfProject/mianatra/src/components/2DMatrix/2DMatrix.css", "CSS", 0, 0, 57, 0, 0, 0, 0, 0, 6, 10, 73
"/Users/landy/Desktop/selfProject/mianatra/src/components/2DMatrix/2DMatrix.js", "JavaScript", 150, 0, 0, 0, 0, 0, 0, 0, 16, 28, 194
"/Users/landy/Desktop/selfProject/mianatra/src/components/BinaryTreePage/BinaryTreePage.css", "CSS", 0, 0, 88, 0, 0, 0, 0, 0, 0, 16, 104
"/Users/landy/Desktop/selfProject/mianatra/src/components/BinaryTreePage/BinaryTreePage.js", "JavaScript", 118, 0, 0, 0, 0, 0, 0, 0, 8, 14, 140
"/Users/landy/Desktop/selfProject/mianatra/src/components/GraphPage/GraphPage.css", "CSS", 0, 0, 36, 0, 0, 0, 0, 0, 1, 6, 43
"/Users/landy/Desktop/selfProject/mianatra/src/components/GraphPage/GraphPage.js", "JavaScript", 123, 0, 0, 0, 0, 0, 0, 0, 11, 20, 154
"/Users/landy/Desktop/selfProject/mianatra/src/components/HomePage/HomePage.css", "CSS", 0, 0, 29, 0, 0, 0, 0, 0, 0, 5, 34
"/Users/landy/Desktop/selfProject/mianatra/src/components/HomePage/HomePage.js", "JavaScript", 62, 0, 0, 0, 0, 0, 0, 0, 2, 9, 73
"/Users/landy/Desktop/selfProject/mianatra/src/components/LinkedListPage/CodeView.css", "CSS", 0, 0, 31, 0, 0, 0, 0, 0, 3, 5, 39
"/Users/landy/Desktop/selfProject/mianatra/src/components/LinkedListPage/CodeView.js", "JavaScript", 10, 0, 0, 0, 0, 0, 0, 0, 1, 3, 14
"/Users/landy/Desktop/selfProject/mianatra/src/components/LinkedListPage/DebugControls.css", "CSS", 0, 0, 0, 0, 0, 0, 0, 0, 0, 1, 1
"/Users/landy/Desktop/selfProject/mianatra/src/components/LinkedListPage/DebugControls.js", "JavaScript", 11, 0, 0, 0, 0, 0, 0, 0, 0, 3, 14
"/Users/landy/Desktop/selfProject/mianatra/src/components/LinkedListPage/LinkedListPage.css", "CSS", 0, 0, 119, 0, 0, 0, 0, 0, 6, 21, 146
"/Users/landy/Desktop/selfProject/mianatra/src/components/LinkedListPage/LinkedListPage.js", "JavaScript", 95, 0, 0, 0, 0, 0, 0, 0, 7, 19, 121
"/Users/landy/Desktop/selfProject/mianatra/src/components/LinkedListPage/LinkedListVisualization.css", "CSS", 0, 0, 0, 0, 0, 0, 0, 0, 0, 1, 1
"/Users/landy/Desktop/selfProject/mianatra/src/components/LinkedListPage/LinkedListVisualization.js", "JavaScript", 11, 0, 0, 0, 0, 0, 0, 0, 0, 3, 14
"/Users/landy/Desktop/selfProject/mianatra/src/components/SortingPage/MergeSortPage/MergeSortPage.css", "CSS", 0, 0, 0, 0, 0, 0, 0, 0, 0, 1, 1
"/Users/landy/Desktop/selfProject/mianatra/src/components/SortingPage/MergeSortPage/MergeSortPage.js", "JavaScript", 88, 0, 0, 0, 0, 0, 0, 0, 8, 21, 117
"/Users/landy/Desktop/selfProject/mianatra/src/components/TopicPage/QuizPage.js", "JavaScript", 48, 0, 0, 0, 0, 0, 0, 0, 4, 8, 60
"/Users/landy/Desktop/selfProject/mianatra/src/components/TopicPage/QuizzPage.css", "CSS", 0, 0, 19, 0, 0, 0, 0, 0, 0, 4, 23
"/Users/landy/Desktop/selfProject/mianatra/src/components/TopicPage/Topic.css", "CSS", 0, 0, 13, 0, 0, 0, 0, 0, 0, 3, 16
"/Users/landy/Desktop/selfProject/mianatra/src/components/TopicPage/TopicContent.js", "JavaScript", 13, 0, 0, 0, 0, 0, 0, 0, 0, 4, 17
"/Users/landy/Desktop/selfProject/mianatra/src/components/TopicPage/TopicPage.js", "JavaScript", 17, 0, 0, 0, 0, 0, 0, 0, 0, 4, 21
"/Users/landy/Desktop/selfProject/mianatra/src/data/quizzes/LinkedListQuiz.js", "JavaScript", 20, 0, 0, 0, 0, 0, 0, 0, 0, 2, 22
"/Users/landy/Desktop/selfProject/mianatra/src/data/quizzes/TreeQuiz.js", "JavaScript", 15, 0, 0, 0, 0, 0, 0, 0, 0, 2, 17
"/Users/landy/Desktop/selfProject/mianatra/src/data/quizzes/graphQuiz.js", "JavaScript", 20, 0, 0, 0, 0, 0, 0, 0, 0, 2, 22
"/Users/landy/Desktop/selfProject/mianatra/src/data/topics/graphTopics.js", "JavaScript", 12, 0, 0, 0, 0, 0, 0, 0, 0, 2, 14
"/Users/landy/Desktop/selfProject/mianatra/src/data/topics/linkedListTopics.js", "JavaScript", 12, 0, 0, 0, 0, 0, 0, 0, 0, 2, 14
"/Users/landy/Desktop/selfProject/mianatra/src/data/topics/treeTopics.js", "JavaScript", 12, 0, 0, 0, 0, 0, 0, 0, 0, 2, 14
"/Users/landy/Desktop/selfProject/mianatra/src/index.css", "CSS", 0, 0, 12, 0, 0, 0, 0, 0, 0, 2, 14
"/Users/landy/Desktop/selfProject/mianatra/src/index.js", "JavaScript", 12, 0, 0, 0, 0, 0, 0, 0, 3, 3, 18
"/Users/landy/Desktop/selfProject/mianatra/src/logo.svg", "XML", 0, 1, 0, 0, 0, 0, 0, 0, 0, 0, 1
"/Users/landy/Desktop/selfProject/mianatra/src/reportWebVitals.js", "JavaScript", 12, 0, 0, 0, 0, 0, 0, 0, 0, 2, 14
"/Users/landy/Desktop/selfProject/mianatra/src/setupTests.js", "JavaScript", 1, 0, 0, 0, 0, 0, 0, 0, 4, 1, 6
"Total", "-", 1116, 1, 459, 63447, 39, 3, 20, 19, 123, 345, 65572